<?xml version="1.0" encoding="UTF-8"?>
<!DOCTYPE mapper PUBLIC "-//mybatis.org//DTD Mapper 3.0//EN" 
"http://mybatis.org/dtd/mybatis-3-mapper.dtd">

<!-- 为这个mapper指定一个唯一的namespace，namespace的值习惯上设置成包名+sql映射文件名，
这样就能够保证namespace的值是唯一的 -->

<mapper namespace="topic">
	
	<!-- 查询所有的帖子 -->
	<select id="selectAll" resultType="com.weixin.bean.UserTopic" parameterType="String">
		select user.userId,userName,pic,topicId,title,content,type,publishDate,collectNum,likeNum,reviewNum from user,topic where user.userId=topic.userId and type=#{type}
	</select>
	<!-- 查询所有的帖子 -->
	<select id="selectOne" resultType="com.weixin.bean.UserTopic">
		select userName,pic,title,content,type,publishDate,collectNum,likeNum,reviewNum from user,topic where user.userId=topic.userId and topicId=#{topicId}
	</select>
	<!-- 插入帖子 -->
	<insert id="ins">
		insert into topic(topicId,userId,title,content,publishDate,type,likeNum,collectNum,reviewNum) values(#{topicId},#{userId},#{title},#{content},#{publishDate},#{type},#{likeNum},#{collectNum},#{reviewNum})
	</insert>
	
	<!-- 查询用户发的帖子数 -->
	<select id="selectNum" parameterType="int" resultType="_long">
         select count(*) from topic where userId=#{userId} group by userId	
     </select>
     <!-- 更新用户的发帖数 -->
     
     <!-- 查询用户发的帖子 -->
     <select id="topics" resultType="com.weixin.bean.UserTopic">
		select userName,pic,topic.* from user,topic where user.userId=topic.userId and topic.userId=#{userId}
	</select>
     <!-- 更新点赞数 -->
     <update id="click">
     	update topic set likeNum=likeNum+1 where topicId=#{topicId}
     </update>
     
     <!-- 更新帖子收藏数 -->
     <update id="collect">
     	update topic set collectNum=collectNum+1 where topicId=#{topicId}
     </update>
</mapper>