<?xml version="1.0" encoding="UTF-8"?>
<!DOCTYPE mapper PUBLIC "-//mybatis.org//DTD Mapper 3.0//EN" 
"http://mybatis.org/dtd/mybatis-3-mapper.dtd">

<!-- 为这个mapper指定一个唯一的namespace，namespace的值习惯上设置成包名+sql映射文件名，
这样就能够保证namespace的值是唯一的 -->
<mapper namespace="user">
	
	<!--parameterType:表示给sql语句传递的参数类型  -->
	<!--#{}:属于mybatis的ognl表示，负责读取pojo中的属性，并且mybatis会将每一个#{}先翻译成一个占位符？  -->
	<insert id="addUser" parameterType="com.weixin.bean.User" useGeneratedKeys="true" keyProperty="userId">
		insert into user(userName,pic) values (#{userName},#{pic})
	</insert>
	<!-- 查询用户 -->
	<select id="selectuser" parameterType="string" resultType="com.weixin.bean.User">
		select userId,userName,pic from user where userName=#{userName}
	</select>
	
	
	<!-- resultType: 表示返回值	<select id="selectone" parameterType="int" resultType="com.entity.Emp">
	    select * from emp where empno=#{id}
	</select>
	
	<select id="selectall" resultType="com.entity.Emp">
		select * from emp
	</select>
	类型 -->
	
	
	
	
	
	
</mapper>