<?xml version="1.0" encoding="UTF-8"?>

<c3p0-config>


  <!-- This app is massive! -->
  <named-config name="mvcapp"> 
    <property name="acquireIncrement">5</property>
    <property name="initialPoolSize">10</property>
    <property name="minPoolSize">50</property>
    <property name="maxPoolSize">100</property>

    <!-- intergalactoApp adopts a different approach to configuring statement caching -->
    <property name="maxStatements">5</property> 
    <property name="maxStatementsPerConnection">10</property>
    
	<property name="user">root</property>
	<property name="password">123321</property>
	<property name="jdbcUrl">jdbc:mysql://localhost:3306/anmeng</property>
	<property name="driverClass">com.mysql.jdbc.Driver</property>

  </named-config>
</c3p0-config>
	