<?xml version="1.0" encoding="UTF-8"?>
<!DOCTYPE configuration PUBLIC "-//mybatis.org//DTD Config 3.0//EN" "http://mybatis.org/dtd/mybatis-3-config.dtd">
<configuration>
	<!-- 加载资源文件 -->
	<properties resource="config.properties"></properties>

   <!-- environments里可以配置多个environment，每个environment对应一个数据库环境, default属性指定当前环境中使用哪个数据库配置，也就是使用哪个<environment>节点的配置，default的值就是配置的<environment>标签元素的id值-->
	<environments  default="development">
		<environment  id="development">
			<!--设置的事务管理器和数据源构造相应对象-->
			<!-- JDBC：这个配置就是直接使用了 JDBC 的提交和回滚设置，它依赖于从数据源得到的连接来管理事务作用域-->
			<transactionManager type="JDBC" />
			<!-- POOLED: mybatis提供的连接池技术> -->
			<dataSource type="POOLED">
				<property name="driver" value="${driver}" />
				<property name="url" value="${url}" />
				<property name="username" value="${username}" />
				<property name="password" value="${password}" />
				<property name="poolMaximumActiveConnections" value="${maxconnection}"/>
				<property name="poolMaximumIdleConnections" value="${Idleconnections}"/>
				<property name="poolMaximumCheckoutTime" value="${CheckoutTime}"/>
				<property name="poolTimeToWait" value="${poolTimeToWait}"/>
			</dataSource>
		</environment>
		
	</environments>
	<mappers>
		<!--mapper:用于查找指定的sql映射文件  -->
		<!-- <mapper resource="com/mapper/EmpMapper.xml"/>
		<mapper class="com.mapper.ProductMapper"/>
		<mapper class="com.mapper.OrderMapper"/>
		<mapper class="com.mapper.ProcedureOrderMapper"/> -->
		<mapper resource="com/mapper/FoodMapper.xml"/>
		<mapper resource="com/mapper/topicmapper.xml"/>
		<mapper resource="com/mapper/UserMapper.xml"/>
		<mapper resource="com/mapper/CollectionMapper.xml"/>
		<mapper class="com.weixin.dao.PlaceMapper"/>
		<mapper resource="com/mapper/TopicBackMapper.xml"/>
		 <mapper resource="com/mapper/Labmapper.xml"/>
		  <mapper resource="com/mapper/Clubmapper.xml"/>
		  	<mapper resource="com/mapper/MajorMapper.xml"/>
	</mappers>
</configuration>


